<?xml version='1.0' encoding='UTF-8'?>
<?artifactRepository version='1.1.0'?>
<repository name='file:/Users/dejimjuang/Workspace/mulesoft/slb/elastic-mule-events-connector/target/update-site/ - artifacts' type='org.eclipse.equinox.p2.artifact.repository.simpleRepository' version='1'>
  <properties size='2'>
    <property name='p2.timestamp' value='1460675848785'/>
    <property name='p2.compressed' value='false'/>
  </properties>
  <mappings size='3'>
    <rule filter='(&amp; (classifier=osgi.bundle))' output='${repoUrl}/plugins/${id}_${version}.jar'/>
    <rule filter='(&amp; (classifier=binary))' output='${repoUrl}/binary/${id}_${version}'/>
    <rule filter='(&amp; (classifier=org.eclipse.update.feature))' output='${repoUrl}/features/${id}_${version}.jar'/>
  </mappings>
  <artifacts size='2'>
    <artifact classifier='org.eclipse.update.feature' id='org.mule.tooling.ui.extension.elastic-mule-events-connector.3.5.0' version='1.0.0.201604141817'>
      <properties size='4'>
        <property name='artifact.size' value='658'/>
        <property name='download.size' value='658'/>
        <property name='download.md5' value='1b7294f8fe42b2405870c8843879af50'/>
        <property name='download.contentType' value='application/zip'/>
      </properties>
    </artifact>
    <artifact classifier='osgi.bundle' id='org.mule.tooling.ui.contribution.elastic-mule-events.3.5.0' version='1.0.0.201604141817'>
      <properties size='3'>
        <property name='artifact.size' value='17672418'/>
        <property name='download.size' value='17672418'/>
        <property name='download.md5' value='e77ce50aa5f6aa83b5113fad4aecdd88'/>
      </properties>
    </artifact>
  </artifacts>
</repository>
